date,close,high,low,open,volume
,SPUS,SPUS,SPUS,SPUS,SPUS
1/3/2023,24.8738575,25.26922365,24.71766388,25.23505641,62500
1/4/2023,25.00076675,25.12767338,24.81528612,24.96171742,56100
1/5/2023,24.6883812,24.91290932,24.63956952,24.91290932,37000
1/6/2023,25.24482155,25.29851346,24.6395698,24.88362259,25200
1/9/2023,25.25458527,25.68411687,25.22627393,25.43030172,54200
1/10/2023,25.40100479,25.40100479,25.1569521,25.21552422,32800
1/11/2023,25.74269104,25.75245151,25.46935122,25.46935122,33000
1/12/2023,25.85006332,25.91839779,25.52791381,25.81101586,18600
1/13/2023,25.96721458,25.98673925,25.62554034,25.62554034,30400
1/17/2023,26.02578735,26.13317117,25.93792821,25.99650035,46600
1/18/2023,25.6157856,26.20151278,25.6157856,26.10389127,28800
1/19/2023,25.469347,25.61577829,25.37172552,25.47910933,14300
1/20/2023,25.96721458,25.96721458,25.50839419,25.55720586,35500
1/23/2023,26.35770226,26.50413356,25.99748083,26.01602796,27900
1/24/2023,26.3088932,26.36746536,26.17222237,26.26008153,62400
1/25/2023,26.21126556,26.2405507,25.78173221,26.02578495,41300
1/26/2023,26.62754059,26.62754059,26.28065014,26.41256662,40300
1/27/2023,26.70571136,26.8718282,26.53959453,26.53959453,40500
1/30/2023,26.29530525,26.63731071,26.26892159,26.56890999,22100
1/31/2023,26.66662025,26.66662025,26.30507128,26.30507128,66800
2/1/2023,27.13565826,27.29200328,26.52981993,26.68616494,36100
2/2/2023,27.75127602,27.83433538,27.45812948,27.51675841,59900
2/3/2023,27.47766495,27.84898391,27.32131806,27.32131806,33000
2/6/2023,27.28223801,27.38972593,27.21383728,27.36041053,27000
2/7/2023,27.80012321,27.80012321,27.24314204,27.31154461,91400
2/8/2023,27.35062981,27.71217879,27.33108622,27.67309161,33400
2/9/2023,27.13565826,27.67309403,27.08679928,27.67309403,25100
2/10/2023,27.1258812,27.15519658,26.95487759,26.979308,30200
2/13/2023,27.46788979,27.46788979,27.14542798,27.1942851,96400
2/14/2023,27.52651978,27.59492048,27.18451437,27.35063117,72500
2/15/2023,27.55681229,27.5656056,27.33108808,27.38971886,45300
2/16/2023,27.18451118,27.49720117,27.18451118,27.28222727,32600
2/17/2023,27.00862503,27.04771221,26.8229665,26.94999612,33800
2/21/2023,26.45165443,26.81320355,26.45165443,26.70571562,48600
2/22/2023,26.40279388,26.54936712,26.30507777,26.4809664,64400
2/23/2023,26.63361931,26.72164831,26.36464262,26.64340052,17100
2/24/2023,26.26194954,26.35975978,26.11523511,26.35975978,39400
2/27/2023,26.42822266,26.57493706,26.38909782,26.49668925,28600
2/28/2023,26.3890934,26.5553702,26.35975164,26.3890934,69300
3/1/2023,26.26194954,26.40866397,26.17392051,26.40866397,36500
3/2/2023,26.51625061,26.55537358,26.09566796,26.12500972,34100
3/3/2023,26.98573303,26.99551424,26.67274187,26.68252307,34900
3/6/2023,27.04443169,27.24494187,27.03465047,27.08355653,17200
3/7/2023,26.69231415,27.01801933,26.64340809,27.00530543,47900
3/8/2023,26.7705574,26.79011796,26.57493695,26.73143257,9000
3/9/2023,26.37931824,26.98574018,26.31085163,26.78033851,25600
3/10/2023,26.02720261,26.47908402,25.93917359,26.38909802,35000
3/13/2023,26.17391396,26.37931373,25.79245617,25.88048331,25400
3/14/2023,26.66296959,26.74121741,26.43800735,26.47713032,33200
3/15/2023,26.58471489,26.60427731,26.23259887,26.28150491,60500
3/16/2023,27.14223099,27.17842127,26.4380008,26.48690498,39100
3/17/2023,26.96617317,27.19113536,26.86836296,27.15201239,22200
3/20/2023,27.18135452,27.18135452,26.8977051,27.00529652,23300
3/21/2023,27.46500206,27.53346865,27.22047747,27.30850647,52100
3/22/2023,27.13245201,27.82690291,27.13245201,27.41610147,32500
3/23/2023,27.30851364,27.67041095,27.16277678,27.35741783,52700
3/24/2023,27.4552269,27.48457053,27.13245444,27.28895006,26600
3/27/2023,27.39653206,27.58237125,27.33686726,27.58237125,23500
3/28/2023,27.31430054,27.31430054,27.14786924,27.31430054,29500
3/29/2023,27.71569443,27.73527502,27.5101038,27.58842431,15700
3/30/2023,27.91150093,27.92129123,27.78422892,27.85276101,38300
3/31/2023,28.39121437,28.39121437,27.98982149,27.98982149,66800
4/3/2023,28.46953583,28.46953583,28.24436457,28.33247539,46600
4/4/2023,28.31289482,28.55764668,28.2443646,28.52827578,45900
4/5/2023,28.18562126,28.30310109,28.01918994,28.30310109,52300
4/6/2023,28.33246803,28.35204676,27.96044426,28.13666585,23000
4/10/2023,28.3031044,28.3031044,27.98982232,28.20520329,35600
4/11/2023,28.20519829,28.3618393,28.17582927,28.3618393,92000
4/12/2023,28.1072979,28.43037209,28.06813858,28.43037209,39700
4/13/2023,28.49889565,28.55763554,28.15624281,28.224773,33900
4/14/2023,28.46953583,28.60659627,28.28352389,28.4205862,33400
4/17/2023,28.5086956,28.5086956,28.30310308,28.48911501,51600
4/18/2023,28.5184803,28.74365339,28.43526558,28.74365339,45500
4/19/2023,28.5086956,28.54785493,28.30310308,28.30310308,21700
4/20/2023,28.37162971,28.508692,28.24435959,28.3226801,33600
4/21/2023,28.39121437,28.39121437,28.24436364,28.38142407,12400
4/24/2023,28.39121437,28.39121437,28.22478304,28.35205318,36700
4/25/2023,27.92674637,28.28930495,27.9071482,28.28930495,28200
4/26/2023,27.95614052,28.17171471,27.89734603,28.08352484,27000
4/27/2023,28.57347107,28.57347107,28.09332723,28.17171802,46600
4/28/2023,28.85763931,28.85763931,28.55387335,28.57347152,67700
5/1/2023,28.88703346,28.95562517,28.79884359,28.85763808,77200
5/2/2023,28.60581017,28.85764081,28.41669141,28.85764081,21000
5/3/2023,28.38729095,28.77924677,28.38729095,28.60286703,33500
5/4/2023,28.269701,28.38728623,28.20110931,28.34809178,36000
5/5/2023,28.78904152,28.8674323,28.41668577,28.50487563,60600
5/8/2023,28.7792511,28.80864648,28.68126213,28.78904831,25000
5/9/2023,28.61266899,28.72045517,28.61266899,28.66166254,68300
5/10/2023,28.84783363,28.89682717,28.58326406,28.78903915,32000
5/11/2023,28.82823753,28.9164274,28.68125505,28.9164274,48300
5/12/2023,28.81844139,28.95562481,28.61266627,28.95562481,51200
5/15/2023,28.85763931,28.90663286,28.7302531,28.88703469,44100
5/16/2023,28.79883957,28.93602484,28.75964511,28.75964511,37300
5/17/2023,29.08301163,29.11240701,28.75964938,28.94582821,20300
5/18/2023,29.44066811,29.44066811,29.12220448,29.12220448,32500
5/19/2023,29.46320534,29.52395665,29.34757879,29.52395665,83600
5/22/2023,29.41617012,29.56315261,29.41617012,29.46516366,46900
5/23/2023,29.10261345,29.3867794,29.0732162,29.28879043,39400
5/24/2023,28.87723541,29.02421979,28.77924832,29.02421979,52000
5/25/2023,29.42253304,29.52060852,29.20676847,29.4127253,40400
5/26/2023,29.91291046,29.93252593,29.55983944,29.56964718,41300
5/30/2023,29.91291046,30.14829052,29.82562292,30.13848278,79900
5/31/2023,29.72656631,29.86387275,29.66281884,29.83444954,54700
6/1/2023,30.02078819,30.10905593,29.66771724,29.75598498,36300
6/2/2023,30.37385559,30.45231559,30.20222493,30.26597426,47800
6/5/2023,30.34443855,30.57883837,30.28755444,30.42289856,69700
6/6/2023,30.32481956,30.34443503,30.1777073,30.29539636,56600
6/7/2023,30.07963562,30.45232021,30.03550175,30.3542466,48800
6/8/2023,30.32481956,30.34443503,30.06982409,30.10905503,42500
6/9/2023,30.3836689,30.57001213,30.30520889,30.44251531,45300
6/12/2023,30.71712112,30.74163953,30.41014633,30.50135658,65100
6/13/2023,30.94269753,30.9917362,30.79558523,30.86423751,92000
6/14/2023,31.15845871,31.20749551,30.87404003,30.99173097,70600
6/15/2023,31.52133942,31.62922263,31.02115614,31.02115614,50200
6/16/2023,31.43307114,31.84498853,31.41345567,31.84498853,47000
6/20/2023,31.33499336,31.4232611,31.09961149,31.4232611,186300
6/21/2023,31.04861832,31.22711423,30.99467671,31.19769103,75700
6/22/2023,31.2369175,31.24672523,31.02115109,31.02115109,30800
6/23/2023,31.02116203,31.13885301,30.93289614,31.08000846,43600
6/26/2023,30.76027489,31.09961352,30.76027489,31.04076899,114600
6/27/2023,31.14505005,31.20394528,30.83094962,30.94873822,12800
6/28/2023,31.15486336,31.28246782,31.04689064,31.19412684,28600
6/29/2023,31.22357941,31.25302703,31.11560854,31.25302703,34100
6/30/2023,31.63582993,31.7241709,31.48859747,31.48859747,57100
7/3/2023,31.65546799,31.71436323,31.58675874,31.71436323,68500
7/5/2023,31.59656906,31.72417353,31.54749157,31.60638681,82200
7/6/2023,31.39044189,31.41007364,31.16468244,31.41007364,60000
7/7/2023,31.22357941,31.56516545,31.20394953,31.36099977,128800
7/10/2023,31.2922821,31.2922821,31.07633854,31.2824681,54400
7/11/2023,31.37080956,31.41498192,31.19412947,31.40025717,71900
7/12/2023,31.73400116,31.83215617,31.61326758,31.6358424,54700
7/13/2023,32.0579071,32.13643409,31.87141114,31.87141114,48400
7/14/2023,32.04808807,32.25715883,32.01863859,32.13642904,33000
7/17/2023,32.24440384,32.30820795,32.06772187,32.06772187,115300
7/18/2023,32.49961853,32.55851004,32.13644052,32.26404128,55600
7/19/2023,32.47998428,32.61151288,32.40145729,32.54869353,52300
7/20/2023,32.06771851,32.4505319,32.00686497,32.4505319,97500
7/21/2023,32.06771851,32.24440046,32.04220061,32.24440046,54800
7/24/2023,32.16586685,32.24439006,32.0775259,32.23457606,70700
7/25/2023,32.38182831,32.47802125,32.17569683,32.17569683,44000
7/26/2023,32.35823441,32.44664504,32.19123863,32.39752885,41100
7/27/2023,32.16176605,32.74134595,32.11264613,32.74134595,69800
7/28/2023,32.59399796,32.64802688,32.36806051,32.43682392,42500
7/31/2023,32.57434845,32.6824063,32.4662906,32.6824063,78500
8/1/2023,32.46630096,32.54488988,32.36806857,32.54488988,55600
8/2/2023,31.94566154,32.31895138,31.87689812,32.31895138,110800
8/3/2023,31.83760643,31.99478052,31.75902126,31.75902126,71600
8/4/2023,31.54290581,32.00460634,31.52325858,31.93583916,33600
8/7/2023,31.74919891,31.74919891,31.52326137,31.67061374,71400
8/8/2023,31.60184097,31.69025162,31.36608173,31.69025162,55100
8/9/2023,31.3169651,31.64015508,31.28749613,31.61166791,59700
8/10/2023,31.3169651,31.75902026,31.25802529,31.47414106,28800
8/11/2023,31.23837471,31.28749278,31.1204951,31.1794349,17000
8/14/2023,31.53307915,31.53307915,31.17452753,31.18926201,50100
8/15/2023,31.23837471,31.51343214,31.18925852,31.4643122,38500
8/16/2023,30.96037483,31.28749386,30.95349849,31.20890682,51700
8/17/2023,30.74720192,31.06155189,30.69906753,31.06155189,50300
8/18/2023,30.74720192,30.80024905,30.48197188,30.53108807,21400
8/21/2023,31.07138252,31.14014783,30.74721072,30.83562138,57300
8/22/2023,31.05173683,31.29732159,30.99279514,31.29732159,31300
8/23/2023,31.49378586,31.52325483,31.14014326,31.14014326,45600
8/24/2023,30.96332741,31.70990344,30.96332741,31.70990344,53300
8/25/2023,31.15979195,31.26784983,30.79632757,31.10085213,31300
8/28/2023,31.41148186,31.46063835,31.24434714,31.40165018,36400
8/29/2023,31.94237709,31.98071743,31.38198296,31.41147798,54500
8/30/2023,32.16849136,32.1881547,31.9816915,31.9816915,40800
8/31/2023,32.15865707,32.3257936,32.11933039,32.20781355,43400
9/1/2023,32.15865707,32.34545694,32.02101744,32.3257936,46900
9/5/2023,32.10950851,32.19307492,32.00136199,32.158665,59800
9/6/2023,31.82439232,32.08984183,31.64742598,32.08984183,59100
9/7/2023,31.60811424,31.63760739,31.38297207,31.51963104,43200
9/8/2023,31.62776566,31.7703221,31.54518185,31.62776566,28700
9/11/2023,31.84406853,31.89322503,31.66710211,31.87356168,56900
9/12/2023,31.58844566,31.82439833,31.52945562,31.79490519,38400
9/13/2023,31.64743423,31.72608763,31.50979454,31.62777089,34800
9/14/2023,31.92271423,31.95220738,31.71625097,31.83423105,28100
9/15/2023,31.4311409,31.81456868,31.40164775,31.81456868,39600
9/18/2023,31.46063423,31.54911742,31.37215105,31.37215105,97700
9/19/2023,31.4311409,31.47046572,31.2148497,31.4311409,31500
9/20/2023,31.00839233,31.4989822,31.00839233,31.47046791,31800
9/21/2023,30.5069809,30.85108004,30.48731755,30.85108004,49900
9/22/2023,30.46765709,30.73310663,30.43816207,30.60529676,34800
9/25/2023,30.58268547,30.60529663,30.33001729,30.41850047,59800
9/26/2023,30.17827606,30.49314529,30.10447777,30.49314529,47400
9/27/2023,30.19795609,30.28651329,29.95196427,30.2569936,48900
9/28/2023,30.43411064,30.56202557,30.14875921,30.1782789,54200
9/29/2023,30.42427063,30.74897978,30.31603362,30.74897978,22700
10/2/2023,30.53250122,30.61121852,30.34259478,30.42426423,56600
10/3/2023,30.14875221,30.53250067,30.06019502,30.41442379,93200
10/4/2023,30.44394684,30.49314445,30.12907762,30.16843534,84300
10/5/2023,30.40458679,30.4636243,30.15859499,30.43410648,32500
10/6/2023,30.84737396,30.92609127,30.15367712,30.21763364,42300
10/9/2023,31.01465034,31.03137798,30.63385397,30.6997811,44400
10/10/2023,31.14256287,31.33935707,31.0264547,31.06384556,73800
10/11/2023,31.25080299,31.27048279,31.03433085,31.2409631,50600
10/12/2023,31.08352852,31.34920015,30.99497131,31.30984056,25200
10/13/2023,30.83753586,31.20160271,30.73225101,31.19176469,20200
10/16/2023,31.1720829,31.22718483,30.94577088,30.94577088,25300
10/17/2023,31.10320663,31.18192394,30.7883374,30.91625232,37900
10/18/2023,30.68009949,31.0244884,30.59646129,30.9457711,52700
10/19/2023,30.39474869,30.7784972,30.34555107,30.70961792,32200
10/20/2023,30.01099586,30.39474242,30.01099586,30.39474242,36200
10/23/2023,30.06019783,30.24715213,29.76697715,29.95196271,41700
10/24/2023,30.2176342,30.2471539,29.97164238,30.18811638,44100
10/25/2023,29.69613266,30.10939899,29.65677307,30.10939899,61800
10/26/2023,29.17024422,29.62325857,29.1210023,29.60356181,112700
10/27/2023,29.11115074,29.30811463,28.99297391,29.30811463,45600
10/30/2023,29.38690567,29.43614571,29.17024686,29.30812048,59800
10/31/2023,29.53462601,29.54447439,29.29827044,29.41644916,61300
11/1/2023,29.92854309,29.96793661,29.62522123,29.63309919,50800
11/2/2023,30.50959015,30.50959015,30.24467561,30.2732346,64200
11/3/2023,30.78533745,30.84442586,30.58837357,30.59822195,24000
11/6/2023,30.90351486,30.91533367,30.75677904,30.83457807,80900
11/7/2023,31.08077812,31.11032326,30.83457424,30.89366452,65400
11/8/2023,31.17926407,31.18911245,30.97245368,31.11032727,47000
11/9/2023,30.88381767,31.25804677,30.83457577,31.25804677,36200
11/10/2023,31.44516373,31.45501211,30.96260429,31.04138946,92900
11/13/2023,31.43531609,31.50425288,31.27774573,31.37622767,79800
11/14/2023,32.04589462,32.1246779,31.81938753,31.81938753,65100
11/15/2023,32.07544708,32.20347418,31.97893556,32.10499035,38500
11/16/2023,32.16407776,32.16407776,31.96711388,32.05574744,48800
11/17/2023,32.10498428,32.20346809,31.98680747,32.20346809,61400
11/20/2023,32.42998123,32.4595245,32.03605345,32.03605345,76300
11/21/2023,32.36103821,32.37088471,32.2428614,32.37088471,60600
11/22/2023,32.44968033,32.57770743,32.32165323,32.46937709,49700
11/24/2023,32.40043259,32.43982235,32.3413423,32.42012559,53600
11/27/2023,32.3373642,32.44577646,32.27822716,32.35707654,104700
11/28/2023,32.41619873,32.44576536,32.25357475,32.25850378,78200
11/29/2023,32.35707474,32.65275239,32.31765005,32.53447832,93800
11/30/2023,32.36692429,32.42606131,32.12052566,32.42606131,80100
12/1/2023,32.44577026,32.46647142,32.18951734,32.278221,161100
12/4/2023,32.18951797,32.20923032,31.96283168,32.15995134,198300
12/5/2023,32.26835251,32.35705613,32.08108722,32.08108722,239700
12/6/2023,32.09095764,32.43591421,32.08109959,32.38663523,216700
12/7/2023,32.46547318,32.48518551,32.25849929,32.26835733,365600
12/8/2023,32.61331558,32.61331558,32.3767713,32.3767713,178900
12/11/2023,32.64781952,32.64781952,32.42606225,32.49505357,96900
12/12/2023,32.87943268,32.87943268,32.55516975,32.60346743,76500
12/13/2023,33.23424911,33.24410341,32.8301555,32.85972214,141800
12/14/2023,33.28352737,33.40179766,33.09133674,33.33280635,91900
12/15/2023,33.34267044,33.39194942,33.23425442,33.23425442,54700
12/18/2023,33.4905014,33.55949272,33.36237306,33.36237306,150300
12/19/2023,33.70734024,33.70734024,33.54964524,33.54964524,127000
12/20/2023,33.25396347,33.79603975,33.22439308,33.69747803,168800
12/21/2023,33.58906174,33.58906174,33.34266312,33.51021237,104400
12/22/2023,33.60876846,33.75168011,33.51021052,33.63833885,51700
12/26/2023,33.7566185,33.79604319,33.65806053,33.65806053,45100
12/27/2023,33.81575012,33.81575012,33.68762178,33.76646739,153400
12/28/2023,33.77632904,33.87981603,33.76647099,33.85517466,144200
12/29/2023,33.70734024,33.82659561,33.54964524,33.79604392,52700
1/2/2024,33.33280945,33.42151311,33.13076451,33.41165882,239400
1/3/2024,32.99770737,33.1751147,32.97799502,33.13569001,134600
1/4/2024,32.9090004,33.15539903,32.89914611,32.92871274,107200
1/5/2024,32.9090004,33.11597434,32.79073011,32.89914611,112000
1/8/2024,33.52994156,33.53979585,32.97800702,32.98786507,150900
1/9/2024,33.51021576,33.61863176,33.32787941,33.37223312,75500
1/10/2024,33.81575012,33.8650291,33.57920578,33.57920578,99200
1/11/2024,33.82559967,33.96161218,33.48064313,33.91430332,107800
1/12/2024,33.90446091,33.96359419,33.76844835,33.90446091,48000
1/16/2024,33.81575012,33.9734451,33.68762178,33.82560441,136700
1/17/2024,33.66790771,33.67776201,33.44122143,33.67776201,111000
1/18/2024,34.09172821,34.11144056,33.79506543,33.88475418,80100
1/19/2024,34.5943718,34.5943718,34.14099914,34.22970282,79000
1/22/2024,34.62393188,34.80133918,34.61407384,34.68306514,94900
1/23/2024,34.73236084,34.76192748,34.60423247,34.71264849,62800
1/24/2024,34.84076691,35.07731126,34.78163364,34.90975823,128500
1/25/2024,34.92948532,35.02804708,34.78164833,34.98862237,96300
1/26/2024,34.81703949,34.98767291,34.77758585,34.97485029,52500
1/29/2024,35.20169449,35.20169449,34.85648463,34.90579979,157900
1/30/2024,35.08333206,35.18196236,35.0142901,35.18196236,93400
1/31/2024,34.34360123,34.81703354,34.32387441,34.81703354,147800
2/1/2024,34.82690048,34.82690048,34.49648099,34.52114046,66200
2/2/2024,35.3200531,35.40882188,34.82689404,34.84662086,54800
2/5/2024,35.3200531,35.41868341,35.11193766,35.37922978,148800
2/6/2024,35.38909912,35.4581411,35.21649418,35.4581411,96100
2/7/2024,35.78361893,35.78361893,35.53703941,35.59621985,107300
2/8/2024,35.8526535,35.86251879,35.76388474,35.81320365,74400
2/9/2024,36.12883759,36.12883759,35.89310533,35.9217079,53100
2/12/2024,36.00061798,36.23733603,35.95130282,36.17815558,123800
2/13/2024,35.50745773,35.64554169,35.24411244,35.49759621,167700
2/14/2024,35.82307816,35.84280497,35.4877298,35.66526739,94900
2/15/2024,35.93157959,35.93157959,35.69486152,35.83294925,103800
2/16/2024,35.68498993,35.98088461,35.66526312,35.98088461,52500
2/20/2024,35.43841171,35.59622247,35.21155899,35.57649565,159000
2/21/2024,35.5173111,35.5173111,35.20168962,35.31018521,122900
2/22/2024,36.4740448,36.50856578,36.0795198,36.11896966,84000
2/23/2024,36.37541199,36.68116819,36.35568517,36.62199151,90400
2/26/2024,36.28263855,36.45043291,36.25796546,36.45043291,145700
2/27/2024,36.34186554,36.34186554,36.15433418,36.33199705,99900
2/28/2024,36.23328781,36.28263776,36.13656085,36.25302855,148100
2/29/2024,36.47016907,36.5293875,36.17011596,36.4306876,90700
3/1/2024,36.86497879,36.94394173,36.51952533,36.51952533,96700
3/4/2024,36.80575562,36.93406473,36.76627415,36.90445552,147400
3/5/2024,36.26289368,36.64782851,36.07535862,36.64782851,125000
3/6/2024,36.48003769,36.63598684,36.32211559,36.58860984,109300
3/7/2024,36.98342896,37.03277892,36.65376652,36.70706238,79800
3/8/2024,36.64782715,37.30813818,36.58860496,37.06237118,66900
3/11/2024,36.49978256,36.60835472,36.36160118,36.60835472,232600
3/12/2024,37.09198761,37.09198761,36.49977696,36.74653045,82400
3/13/2024,36.92418671,37.08210877,36.81561458,37.08210877,119000
3/14/2024,36.86497879,37.05152743,36.66560225,36.99329169,76700
3/15/2024,36.53926086,36.66757375,36.40601186,36.58861081,71600
3/18/2024,36.82548904,37.10185172,36.80574831,36.98341111,134300
3/19/2024,37.06238174,37.06238174,36.58861539,36.76627824,71600
3/20/2024,37.35847092,37.35847092,36.94294046,37.08210826,123100
3/21/2024,37.48679733,37.66446018,37.45718811,37.66446018,103800
3/22/2024,37.57562637,37.61510784,37.41770427,37.51640417,80800
3/25/2024,37.40782928,37.49666069,37.33774837,37.48678844,154300
3/26/2024,37.24584579,37.53227724,37.22115577,37.49276867,140200
3/27/2024,37.42363358,37.4730174,37.19646496,37.4730174,116300
3/28/2024,37.40388107,37.47301919,37.35449724,37.46314393,144500
4/1/2024,37.40388107,37.55203632,37.25572959,37.55203632,128400
4/2/2024,37.13720322,37.23597464,36.9100346,37.23597464,194200
4/3/2024,37.18658447,37.3495507,37.04830451,37.10756735,213700
4/4/2024,36.71249771,37.55203789,36.69274719,37.52240835,95900
4/5/2024,37.1174469,37.28535264,36.79150691,36.84089073,76900
4/8/2024,37.13720322,37.25078941,37.05818985,37.16683653,164500
4/9/2024,37.22610474,37.30512189,36.82016408,37.30512189,119000
4/10/2024,36.93967438,36.99893347,36.75201053,36.84090294,75800
4/11/2024,37.37918472,37.44338331,36.82113663,37.0680595,66400
4/12/2024,36.88040161,37.18658734,36.73224638,37.18658734,116300
4/15/2024,36.27791977,37.12733533,36.19890638,37.12733533,215000
4/16/2024,36.22853088,36.40631569,36.1198842,36.27791471,137200
4/17/2024,35.8630867,36.37668683,35.7741943,36.37668683,113500
4/18/2024,35.71492767,36.02111342,35.65566482,35.94209629,68800
4/19/2024,35.11242294,35.67540665,35.0037763,35.61614759,123000
4/22/2024,35.44824219,35.63590596,35.07291842,35.309966,118100
4/23/2024,35.9618454,35.99147494,35.58652159,35.64578444,182900
4/24/2024,36.0112381,36.1890229,35.83246614,36.15939336,75800
4/25/2024,35.88868332,35.91833401,35.36384268,35.44390408,96900
4/26/2024,36.41252518,36.53113169,36.21484513,36.21484513,83800
4/29/2024,36.54101944,36.56078782,36.3136887,36.55090175,188000
4/30/2024,35.96774292,36.5706653,35.92326689,36.50147786,172300
5/1/2024,35.73547363,36.32357075,35.67122922,35.85902319,133700
5/2/2024,36.11600494,36.13577332,35.63168905,36.02704912,98100
5/3/2024,36.7090416,36.74956621,36.49159318,36.65962253,65500
5/6/2024,37.11428833,37.11428833,36.79800175,36.92649435,193500
5/7/2024,37.1241684,37.2427749,37.05992022,37.14393678,146700
5/8/2024,37.08463287,37.14393801,36.9264896,36.94625798,192900
5/9/2024,37.23289871,37.23289871,37.00359224,37.11429217,135900
5/10/2024,37.22301102,37.41574803,37.14394126,37.32184916,137100
5/13/2024,37.30208588,37.37127333,37.1637072,37.37127333,152800
5/14/2024,37.50963974,37.52940812,37.24277229,37.30207743,117500
5/15/2024,38.03348923,38.07302598,37.59859621,37.68755203,143000
5/16/2024,37.954422,38.14913469,37.90499916,38.06314243,140000
5/17/2024,37.93466187,37.96431256,37.76663249,37.96431256,88400
5/20/2024,38.0532608,38.13233432,37.92476822,38.01372404,128300
5/21/2024,38.18174744,38.18174744,37.93958765,38.05325487,185000
5/22/2024,38.07303238,38.18175659,37.88523841,38.18175659,160100
5/23/2024,37.9445343,38.44861854,37.80615942,38.44861854,174400
5/24/2024,38.24105835,38.27071281,37.97419085,38.09280114,100700
5/28/2024,38.4288559,38.4288559,38.18175678,38.36955075,193300
5/29/2024,38.2270813,38.31609664,38.10839166,38.1776254,175300
5/30/2024,37.70288086,38.08861278,37.63364712,38.08861278,182100
5/31/2024,37.90069199,37.92047359,37.20835082,37.83145825,151900
6/3/2024,38.07872391,38.16773926,37.66232917,38.11828712,220900
6/4/2024,38.08861923,38.16774568,37.83146583,38.02927817,175000
6/5/2024,38.78094864,38.78094864,38.27653091,38.36554625,160200
6/6/2024,38.78094864,38.84029345,38.62269957,38.82051185,120000
6/7/2024,38.76117325,38.93920395,38.59303524,38.75128433,77500
6/10/2024,38.95898056,38.95898056,38.62764715,38.69193454,130500
6/11/2024,39.24580765,39.24580765,38.79183055,38.86007577,128300
6/12/2024,39.74034119,39.91342554,39.52274727,39.55242157,129300
6/13/2024,39.84914017,39.93815552,39.6265999,39.92826283,164200
6/14/2024,39.93815613,39.93815613,39.7205622,39.78979594,48800
6/17/2024,40.28433228,40.41291087,39.83628987,39.95794509,90000
6/18/2024,40.40302277,40.40302277,40.19630998,40.34368169,123300
6/20/2024,40.16563797,40.56125883,39.96782565,40.56125883,163000
6/21/2024,40.06672668,40.22497577,39.85902547,40.14585311,151000
6/24/2024,39.7205658,40.15574992,39.69583784,40.05684564,162200
6/25/2024,40.15575409,40.15575409,39.78485733,39.90848958,100000
6/26/2024,40.3299408,40.3299408,39.99344543,40.06272356,59000
6/27/2024,40.37941742,40.37941742,40.13199451,40.30024405,133100
6/28/2024,40.04291534,40.6169382,39.97363724,40.42889441,101300
7/1/2024,40.32003784,40.32003784,39.83508729,40.14189305,147900
7/2/2024,40.50807571,40.50807571,40.07656938,40.12209661,109700
7/3/2024,40.82478714,40.82478714,40.48829177,40.48829177,138900
7/5/2024,41.18106842,41.18106842,40.8287392,40.89405695,106200
7/8/2024,41.29982758,41.29982758,41.12564316,41.25034375,180000
7/9/2024,41.22065735,41.41463606,41.17116975,41.30972975,156600
7/10/2024,41.74519348,41.78478205,41.37900863,41.43838772,95100
7/11/2024,41.06230164,41.77487694,40.9831245,41.77487694,205200
7/12/2024,41.38889694,41.66600935,41.12167979,41.17116361,116800
7/15/2024,41.42849731,41.73529934,41.23055821,41.56705356,229200
7/16/2024,41.53735733,41.56704687,41.27014015,41.53735733,134600
7/17/2024,40.5575676,40.88416769,40.45365042,40.85447437,179300
7/18/2024,40.28044891,40.73570614,39.9637479,40.73570614,208700
7/19/2024,39.95385361,40.31904934,39.83509166,40.13199842,85700
7/22/2024,40.51797104,40.54766435,40.17454795,40.35962054,126200
7/23/2024,40.45859909,40.68424944,40.37447242,40.49818389,116200
7/24/2024,39.19179535,39.92416897,39.07303339,39.91427371,188900
7/25/2024,38.76621628,39.53718911,38.5484867,39.16209441,148800
7/26/2024,39.20790863,39.41390136,38.97022326,39.12867891,103000
7/29/2024,39.2673378,39.49511761,39.10888212,39.36637118,202100
7/30/2024,38.81177521,39.33666274,38.44534714,39.33666274,140400
7/31/2024,39.77241516,39.85164489,39.33864258,39.47531122,160100
8/1/2024,39.03955841,40.16855952,38.72759981,39.89125921,294000
8/2/2024,38.14823914,38.51466716,37.8313278,38.37601892,303900
8/5/2024,37.08856583,37.51243275,36.10811879,36.14773365,441600
8/6/2024,37.33615875,37.95017409,36.95982507,37.19751049,284800
8/7/2024,36.95982361,38.09872645,36.95982361,37.89075029,208000
8/8/2024,38.0690155,38.0690155,37.2668352,37.56393916,204300
8/9/2024,38.25717545,38.31659396,37.87192982,37.97987521,125700
8/12/2024,38.3661232,38.50477146,38.12843777,38.35621759,110600
8/13/2024,39.13858795,39.13858795,38.64341351,38.64341351,74100
8/14/2024,39.15839767,39.32180616,38.89100301,39.2277218,141300
8/15/2024,40.08932877,40.08932877,39.61396168,39.64367094,143000
8/16/2024,40.06951904,40.10913391,39.8318374,39.87144849,219100
8/19/2024,40.53498077,40.53498077,39.95067477,40.08932301,194400
8/20/2024,40.47555161,40.67362211,40.31709596,40.50526464,129400
8/21/2024,40.65382385,40.71324615,40.40722642,40.53498304,151700
8/22/2024,40.12894821,40.86180447,40.0200092,40.85190264,148900
8/23/2024,40.58449936,40.71324578,40.2081657,40.39633442,105900
8/26/2024,40.40623093,40.70333482,40.21806601,40.67362556,106100
8/27/2024,40.44192123,40.45182938,40.09507574,40.25363249,200800
8/28/2024,40.0256958,40.39235747,39.83741089,40.39235747,164100
8/29/2024,39.96624374,40.47065168,39.88696349,40.223897,133400
8/30/2024,40.37254333,40.38245148,39.84732115,40.1743465,112300
9/3/2024,39.26264191,40.08515744,39.04462879,40.08515744,276200
9/4/2024,39.09418106,39.35183432,38.91580427,39.00499267,215300
9/5/2024,39.11400223,39.44102383,38.92571351,39.05454204,207200
9/6/2024,38.2914772,39.17642413,38.21220075,39.1338127,172900
9/9/2024,38.74732971,38.75228567,38.36084798,38.63832505,219300
9/10/2024,39.05453491,39.05453491,38.5491366,38.85633809,218000
9/11/2024,39.66894531,39.71156053,38.42031164,39.07435857,152300
9/12/2024,40.10498047,40.10498047,39.53020999,39.73831498,202400
9/13/2024,40.21398926,40.31308579,40.04056465,40.08516074,95800
9/16/2024,40.14461517,40.14461517,39.88696193,40.09506691,159000
9/17/2024,40.14461517,40.45182046,39.94642211,40.35272393,152200
9/18/2024,40.0455246,40.62029514,39.9860644,40.2239014,278700
9/19/2024,40.92749405,41.12073494,40.63020065,40.86803764,307300
9/20/2024,40.86803055,40.96712707,40.62028547,40.89775875,99700
9/23/2024,40.92749405,40.96713418,40.79371334,40.93740597,152200
9/24/2024,41.19506073,41.19506073,40.72929867,41.07614412,150800
9/25/2024,41.145504,41.25451244,41.02658742,41.12568394,102800
9/26/2024,41.34977722,41.58676837,41.10187688,41.54809825,190800
9/27/2024,41.25061798,41.39935971,41.05230072,41.39935971,150100
9/30/2024,41.37952805,41.37952805,40.9035598,41.0423834,190000
10/1/2024,40.81430817,41.3101088,40.58624033,41.3101088,182200
10/2/2024,40.82422256,40.91346683,40.50691046,40.74489643,127400
10/3/2024,40.82422256,40.9828824,40.63581968,40.74489643,117200
10/4/2024,41.14154434,41.20103801,40.80439971,41.17129117,69500
10/7/2024,40.77464294,41.13162,40.74489612,41.05229387,173000
10/8/2024,41.3200264,41.34977701,40.9650352,41.00271427,119800
10/9/2024,41.59768295,41.59768295,41.2605383,41.36961507,154700
10/10/2024,41.61750412,41.648242,41.3249798,41.4390156,117700
10/11/2024,41.68691635,41.72162224,41.42909791,41.48859535,101500
10/14/2024,42.08356476,42.11331537,41.82178203,41.85549688,145400
10/15/2024,41.59768295,42.13314866,41.48860618,42.08356556,206900
10/16/2024,41.71666718,41.71666718,41.38944071,41.61750856,119600
10/17/2024,41.73649979,42.05381191,41.70675296,42.05381191,166300
10/18/2024,41.90507507,41.96457252,41.81583079,41.90507507,100700
10/21/2024,41.99431992,41.99431992,41.64726092,41.89516128,161800
10/22/2024,42.05381393,42.06372828,41.68692249,41.77616676,108700
10/23/2024,41.36960983,41.82574555,41.11179136,41.82574555,133100
10/24/2024,41.62741852,41.63733665,41.36960387,41.63733665,332700
10/25/2024,41.7563324,42.05381204,41.6373413,41.69683496,129300
10/28/2024,41.91112137,42.04010646,41.74740515,42.04010646,172600
10/29/2024,42.01034164,42.11154865,41.62337878,41.77220861,159800
10/30/2024,41.8515892,42.06987751,41.73252458,41.96073335,116600
10/31/2024,40.70061493,41.38524116,40.67084972,41.3455517,205000
11/1/2024,40.97843933,41.24633758,40.91890891,40.92882939,138700
11/4/2024,40.90897751,41.08757631,40.77006817,40.9685117,186900
11/5/2024,41.35547638,41.40508632,40.99827876,40.99827876,270600
11/6/2024,42.27824402,42.30800923,41.82182643,42.08972091,1401100
11/7/2024,42.91325378,42.91325378,42.476681,42.49652574,240400
11/8/2024,42.95294571,42.98271092,42.80411209,42.87356677,205500
11/11/2024,42.78426743,42.98271099,42.59574812,42.98271099,278700
11/12/2024,42.7346611,42.86365,42.51637279,42.78427105,149800
11/13/2024,42.68504715,42.90333544,42.5610204,42.75450183,133900
11/14/2024,42.4469223,42.75451007,42.37746761,42.73466533,183000
11/15/2024,41.58369446,42.09964627,41.45470556,42.09964627,155300
11/18/2024,41.81190109,41.88631791,41.56384757,41.67299173,132600
11/19/2024,42.10955811,42.10955811,41.52613885,41.5638412,124900
11/20/2024,41.9905014,42.10956604,41.51423908,42.09964556,145500
11/21/2024,42.0301857,42.2782392,41.56384391,42.25839447,167900
11/22/2024,42.15917206,42.16909253,41.96072851,42.06987265,121500
11/25/2024,42.30800247,42.50148389,42.06987324,42.38738141,149600
11/26/2024,42.50259781,42.55223802,42.34374686,42.4033136,155000
11/27/2024,42.31395721,42.49266499,42.10546607,42.47280815,166400
11/29/2024,42.63166046,42.66144762,42.27524096,42.35367226,90500
12/2/2024,42.99901199,43.01390368,42.68131007,42.6912366,236100
12/3/2024,43.1380043,43.1380043,42.85008576,42.90965629,150000
12/4/2024,43.56491089,43.56491089,43.29684923,43.33656291,150400
12/5/2024,43.51527786,43.5927169,43.42592396,43.54506123,170900
12/6/2024,43.66420364,43.75157301,43.53513604,43.53513604,121600
12/9/2024,43.55498123,43.65426543,43.45073566,43.60462144,135000
12/10/2024,43.38620758,43.74362316,43.33656737,43.66419579,136800
12/11/2024,43.99182892,44.04146913,43.67412701,43.67412701,115400
12/12/2024,43.77339935,43.96203364,43.73368568,43.87267976,185600
12/13/2024,43.80318451,44.0414628,43.62447674,43.96203544,113000
12/16/2024,44.23010254,44.2598897,43.86276043,43.97197117,158600
12/17/2024,44.03153229,44.12088617,43.8925382,44.03153229,254600
12/18/2024,42.79051208,44.22017436,42.63166114,44.0513931,503900
12/19/2024,42.69123077,43.12806991,42.61180341,43.10821307,254100
12/20/2024,43.1181488,43.44577725,42.30403716,42.45295781,265400
12/23/2024,43.50534058,43.52519742,42.92950736,43.16778187,166400
12/24/2024,44.04147339,44.04147339,43.60463039,43.63441755,130700
12/26/2024,44.01168442,44.066286,43.75354926,43.89254337,196100
12/27/2024,43.46244431,43.71074439,43.06516645,43.70081405,387600
12/30/2024,43.03536987,43.1893147,42.64801858,42.95591203,628000
12/31/2024,42.63808823,43.05523052,42.54373299,43.05523052,308600
1/2/2025,42.57849121,42.99563726,42.17127928,42.87645051,268800
1/3/2025,43.17440796,43.18433829,42.68773826,42.76719608,143700
1/6/2025,43.67102051,43.92925093,43.47734674,43.59156266,199800
1/7/2025,43.03536987,43.81999521,42.80693047,43.81999521,349400
1/8/2025,43.00557327,43.08006405,42.65795467,43.0155074,290100
1/10/2025,42.43945313,42.79700588,42.14149376,42.73741249,321200
1/13/2025,42.37985229,42.37985229,41.7769813,41.96271001,275600
1/14/2025,42.24080658,42.58842895,41.93291692,42.56856449,261500
1/15/2025,43.09495926,43.13468818,42.6877473,42.75727101,173200
1/16/2025,42.87646103,43.25189295,42.7920399,43.22408346,243500
1/17/2025,43.30352783,43.47634446,43.17441453,43.35319087,216500
1/21/2025,43.67102051,43.67102051,43.23301728,43.55183374,408500
1/22/2025,44.11795807,44.24707518,43.8795921,43.8795921,271400
1/23/2025,44.32652664,44.32652664,43.92924504,43.99876875,235700
1/24/2025,44.08816528,44.38612465,43.95904817,44.32653505,219400
1/27/2025,42.9314003,43.13015754,42.61537671,42.71276696,579100
1/28/2025,43.597229,43.63698121,42.78232781,43.08046175,365300
1/29/2025,43.32890701,43.46803972,43.00096082,43.46803972,344700
1/30/2025,43.43822861,43.51773302,42.97115345,43.36866414,393600
1/31/2025,43.21959305,43.90530146,43.12518252,43.63697979,232600
2/3/2025,42.71276474,42.95624035,42.23574967,42.4345069,552300
2/4/2025,43.25934982,43.25934982,42.68295796,42.72271017,278800
2/5/2025,43.18978119,43.20965729,42.78233057,42.9612117,345500
2/6/2025,43.37859726,43.37859726,43.08045955,43.2891567,251600
2/7/2025,42.79226685,43.46803911,42.7425747,43.3686586,256300
2/10/2025,43.2792244,43.3189766,42.98109042,43.08046715,243700
2/11/2025,43.18978119,43.30108433,43.04071611,43.04071611,206200
2/12/2025,43.08046341,43.14009172,42.64320054,42.7326411,273500
2/13/2025,43.61710739,43.61710739,43.02083949,43.13015616,238700
2/14/2025,43.58729553,43.61710779,43.47300889,43.52766723,218000
2/18/2025,43.62704468,43.71648524,43.41834751,43.70654529,286100
2/19/2025,43.82580185,43.82580185,43.46804337,43.5872962,227200
2/20/2025,43.81586456,43.81586456,43.45810231,43.78605231,230200
2/21/2025,42.92146301,43.81586874,42.87177465,43.79599264,308800
2/24/2025,42.51401138,43.15698798,42.50407523,43.05065481,406400
2/25/2025,42.1463089,42.52394725,41.85314493,42.48419505,272000
2/26/2025,42.28544235,42.63326848,42.00718448,42.33513072,299400
2/27/2025,41.25724411,42.50023165,41.18763332,42.49028563,436100
2/28/2025,41.88370514,41.88370514,40.91914943,41.21746567,415100
3/3/2025,40.87937546,42.02292174,40.56117095,42.02292174,422000
3/4/2025,40.60094452,41.22740747,40.0888305,40.49156101,373000
3/5/2025,41.19757462,41.27712384,40.34239868,40.6804914,274600
3/6/2025,40.37223053,40.96886678,40.16340955,40.57110928,370000
3/7/2025,40.71032333,40.74015761,39.85515116,40.28273535,302700
3/10/2025,39.26845932,40.04408224,38.96019708,40.00430573,534600
3/11/2025,39.07952499,39.59163522,38.71160177,39.23862724,503900
3/12/2025,39.40768051,39.69505691,38.9900347,39.60655929,646600
3/13/2025,38.67182541,39.34801089,38.57238793,39.34801089,421600
3/14/2025,39.53694534,39.59661011,38.99997762,39.08947287,546000
3/17/2025,39.70598984,39.86509207,39.32812061,39.57671809,551800
3/18/2025,39.11930084,39.45739358,38.94031035,39.45739358,582500
3/19/2025,39.56678391,39.85515795,39.13919585,39.26846763,468200
3/20/2025,39.40768051,39.84023777,39.19885571,39.25852048,448600
3/21/2025,39.53694534,39.5568336,38.95522809,39.05963859,312700
3/24/2025,40.28273392,40.37222916,40.02419421,40.10374722,327400
3/25/2025,40.4678154,40.47776781,40.28970821,40.40811611,318900
3/26/2025,39.75139618,40.39716806,39.58223933,40.36831289,331300
3/27/2025,39.52253723,39.84094608,39.41308348,39.56233549,354400
3/28/2025,38.58720779,39.45288541,38.54641126,39.38323371,312400
3/31/2025,38.74641418,38.78621624,37.7692976,38.10959646,323300
4/1/2025,38.85586166,39.05486812,38.35834742,38.51755183,377500
4/2/2025,39.21408081,39.41308731,38.37925104,38.43795964,297900
4/3/2025,36.94541168,37.77128342,36.92053445,37.69168311,830200
4/4/2025,34.96530914,36.15536266,34.84590676,36.01008856,971900
4/7/2025,34.80610275,36.28969164,33.1543553,33.58221793,1189500
4/8/2025,34.20908356,36.32849169,33.61206413,36.10958799,1004400
4/9/2025,37.91059113,38.099649,34.02998156,34.08968085,866900
4/10/2025,36.37825012,37.03795235,35.26381526,37.01506787,785100
4/11/2025,36.99517059,37.19417711,36.02004284,36.248899,807600
4/14/2025,37.36332703,38.01706237,36.96929575,37.9404455,362100
4/15/2025,37.214077,37.55238692,37.03994393,37.37328144,220600
4/16/2025,36.14939117,36.78123267,35.65187687,36.52749931,258700
4/17/2025,36.17924118,36.51755106,36.02003675,36.43794695,182900
4/21/2025,35.31356812,35.79217589,34.87575308,35.72152971,312200
4/22/2025,36.10958862,36.3782468,35.61306881,35.76132634,263200
4/23/2025,36.98521423,37.5832282,36.77625912,37.31357552,406900
4/24/2025,37.9470787,37.9470787,37.02105419,37.09075463,284300
4/25/2025,38.40512085,38.46486573,37.82760221,37.98691809,347300
4/28/2025,38.39516068,38.57439149,37.89729813,38.50468724,384500
4/29/2025,38.59430695,38.64907214,38.16614861,38.19601915,245400
4/30/2025,38.48477936,38.64409523,37.55875465,37.98691677,309800
5/1/2025,38.99259567,39.49842346,38.98264009,39.19174146,192900
5/2/2025,39.58007431,39.70951964,39.26144257,39.47054394,426400
5/5/2025,39.31122971,39.50539581,39.23157367,39.28135917,324000
5/6/2025,38.9029808,39.20169759,38.78847454,38.89302522,123400
5/7/2025,39.06229782,39.23157307,38.59430578,39.0224679,322300
5/8/2025,39.30126953,39.71947224,39.05731416,39.40084052,208800
5/9/2025,39.36100769,39.59998336,39.20268702,39.51036796,142700
5/12/2025,41.1035347,41.1035347,40.57082187,40.78490294,419900
5/13/2025,41.56157303,41.7308445,41.1184718,41.21306692,498600
5/14/2025,41.76070786,41.87023822,41.59143642,41.75075228,734500
5/15/2025,41.84036636,41.9598523,41.45203421,41.58147573,718300
5/16/2025,41.99968719,42.01960215,41.65118491,41.92998674,357600
5/19/2025,41.95985031,42.04946571,41.49185835,41.51177331,546400
5/20/2025,41.84036636,41.92002239,41.57152015,41.89015186,524700
5/21/2025,41.23297501,41.97976881,41.10352968,41.53169177,585200
5/22/2025,41.29272079,41.57152261,41.11348997,41.2429315,671700
5/23/2025,40.89442825,41.06370349,40.58575211,40.67536752,419300
5/27/2025,41.82045364,41.85032418,41.33254668,41.42216209,599500
5/28/2025,41.61720276,42.0057755,41.56738642,41.89617728,550900
5/29/2025,41.74672699,42.25485968,41.59727418,42.15522702,586200
5/30/2025,41.68694687,41.73676321,41.12899401,41.73676321,377500
6/2/2025,41.95595932,41.95595932,41.33822839,41.51756644,595700
6/3/2025,42.17515564,42.30467735,41.86628827,41.87625002,357000
6/4/2025,42.24489594,42.40331088,42.16518676,42.26481943,314400
6/5/2025,42.10541153,42.60358253,41.90614617,42.46409526,586900
6/6/2025,42.46408463,42.64342645,42.35448642,42.45412288,360700
6/9/2025,42.6434288,42.73309972,42.52386885,42.54379614,325100
6/10/2025,43.01207733,43.01207733,42.6434319,42.69324823,322100
6/11/2025,42.71318054,43.11171886,42.61354786,43.09179157,361100
6/12/2025,43.02204514,43.03200688,42.69325047,42.70321602,241800
6/13/2025,42.48402405,42.91245143,42.43420771,42.58366053,310000
6/16/2025,43.0419693,43.10174738,42.75302925,42.75302925,507300
6/17/2025,42.62350464,42.94233374,42.58365385,42.86262836,435700
6/18/2025,42.66335678,42.8825532,42.51390399,42.65339504,340100
6/20/2025,42.30467606,42.86262889,42.27478702,42.85266334,513200
6/23/2025,42.77296066,42.822777,42.22497334,42.4043152,490100
6/24/2025,43.35083008,43.3657784,43.08182114,43.10174463,297600
6/25/2025,43.55620193,43.58611265,43.37675286,43.4664774,319000
6/26/2025,43.91510391,43.91510391,43.55620574,43.70574791,297000
6/27/2025,44.14439774,44.18029059,43.73565345,43.96993441,356300
6/30/2025,44.22415161,44.37368997,44.05467025,44.33381535,423500
7/1/2025,44.09455109,44.26901441,43.92507351,44.14439721,399500
7/2/2025,44.53319931,44.53319931,44.06563763,44.09454815,342600
7/3/2025,44.83228683,44.94195058,44.67277696,44.67277696,236000
7/7/2025,44.51326752,44.73259121,44.28396851,44.6927166,574600
7/8/2025,44.51326752,44.6927166,44.4733891,44.61295976,279400
7/9/2025,44.87215805,44.9917933,44.63289517,44.69271279,445900
7/10/2025,45.05160904,45.09148746,44.75252852,44.92200989,306600
7/11/2025,44.94194794,45.06157938,44.73258815,44.82231269,328000
7/14/2025,44.95191574,44.96986217,44.66280293,44.89209812,286200
7/15/2025,44.99179077,45.34071738,44.95191236,45.30083896,339300
7/16/2025,45.03167343,45.11143027,44.62791489,45.02170573,350000
7/17/2025,45.36066437,45.37063207,45.07155153,45.12139765,283300
7/18/2025,45.32078552,45.50023461,45.23106098,45.50023461,272400
7/21/2025,45.49026871,45.65974629,45.38060495,45.43045108,346000
7/22/2025,45.45038223,45.55904958,45.16126944,45.53013526,365100
7/23/2025,45.82921982,45.82921982,45.46035019,45.67967767,317300
7/24/2025,45.93888474,46.03857697,45.80928179,45.90897402,666700
7/25/2025,46.15434265,46.20421691,45.95484182,46.044617,327600
7/28/2025,46.30397034,46.30397034,46.17429801,46.19424848,441100
7/29/2025,46.204216,46.47354156,46.11444082,46.43364063,421300
7/30/2025,46.18426895,46.353846,45.90497005,46.27404414,288600
7/31/2025,45.85509491,46.65608533,45.71045689,46.64311734,583500
8/1/2025,45.20671463,45.55583822,44.99225191,45.55583822,439400
8/4/2025,45.9747963,46.00472009,45.51495004,45.515947,454800
8/5/2025,45.73538971,46.09349349,45.67454517,46.06456665,382800
8/6/2025,46.10447311,46.14437024,45.75534567,45.78527327,485200
8/7/2025,46.1643219,46.47354842,45.84512204,46.39374656,389800
8/8/2025,46.53339767,46.6032224,46.2042207,46.2042207,305600
8/11/2025,46.51344299,46.77279141,46.37379355,46.54336679,361800
8/12/2025,47.00221634,47.00221634,46.45458885,46.66306606,258700
8/13/2025,47.13189697,47.25159596,46.93239612,47.21169884,337900
8/14/2025,47.07204437,47.13189577,46.86257019,46.92242159,346700
8/15/2025,46.84261703,47.10795478,46.73289138,47.07204167,228500
8/18/2025,46.94236755,46.97229135,46.78276765,46.85259237,429300
8/19/2025,46.55334091,46.96231972,46.40870671,46.92241879,347600
8/20/2025,46.33389664,46.45359563,45.84511974,46.43364516,389800
8/21/2025,46.1643219,46.35384943,45.98976007,46.18427237,327000
8/22/2025,46.86256409,46.9623164,46.1453634,46.25408829,395700
8/25/2025,46.74287033,46.96232164,46.69299607,46.78277126,382200
8/26/2025,46.95845032,46.95845032,46.65903481,46.74885984,338400
8/27/2025,47.12812042,47.12812042,46.83369245,46.93848769,360200
8/28/2025,47.2977829,47.32273577,46.92351261,47.12811553,384300
8/29/2025,46.79875946,47.16305091,46.64406228,47.13809803,457000
9/2/2025,46.41949844,46.41949844,45.95041557,46.18994644,684300
9/3/2025,46.73888016,46.82970269,46.50433681,46.6889744,601700
9/4/2025,47.02831268,47.06823576,46.57918753,46.73887986,314800
9/5/2025,46.97841263,47.40558124,46.75883948,47.34769163,327300
9/8/2025,47.22792435,47.35268112,47.12312911,47.23790702,475100
9/9/2025,47.12812042,47.31774935,46.98839344,47.23790699,361700
9/10/2025,47.61716461,47.8287539,47.46745877,47.70698964,502700
9/11/2025,48.08625031,48.08625031,47.73693287,47.86667717,320900
9/12/2025,48.21599579,48.26589773,48.001414,48.09622655,249100
9/15/2025,48.46551132,48.46551132,48.26589973,48.29584014,345000
9/16/2025,48.35572433,48.57030613,48.32079259,48.54535325,372600
9/17/2025,48.1760788,48.33077599,47.75689403,48.31580578,565900
9/18/2025,48.40563202,48.61023497,48.26590503,48.42559356,396200
9/19/2025,48.80485153,48.84477081,48.47549182,48.60523993,248400
9/22/2025,49.31385803,49.36974882,48.75494631,48.77490785,322000
9/23/2025,48.94458008,49.35378216,48.83978484,49.31385908,348300
9/24/2025,48.80485153,49.06434395,48.61023127,49.06434395,350400
9/25/2025,48.5512085,48.60113699,48.19171724,48.50128,453700
9/26/2025,48.81084442,48.81084442,48.39842673,48.63109879,278700
9/29/2025,48.96062851,49.15036213,48.8208272,49.03052917,706300
9/30/2025,49.34008789,49.35007207,48.85077953,48.94065234,522300
10/1/2025,49.76948166,49.77946583,49.14436793,49.17033212,570600
10/2/2025,49.78945541,50.06606392,49.67961044,50.02911371,465300
10/3/2025,49.80942917,50.0391033,49.62968353,49.85935767,358600
10/6/2025,50.12897491,50.19388158,49.97918562,50.06905843,399100
10/7/2025,49.73952484,50.17890091,49.61969189,50.17890091,559300
10/8/2025,50.21884537,50.22882954,49.82939779,49.82939779,413500
10/9/2025,50.07904434,50.2887463,49.90928289,50.2887463,411300
10/10/2025,48.54122162,50.26877336,48.4932892,50.1089999,868600
10/13/2025,49.4499321,49.60970555,49.1703295,49.34008713,707100
10/14/2025,49.08045959,49.39001854,48.54521487,49.00057096,603900
10/15/2025,49.37004471,49.76948026,48.91069649,49.52981817,427300
10/16/2025,49.32011795,49.77946619,49.010559,49.59972056,551700
10/17/2025,49.55978394,49.67961309,49.01555303,49.10043185,338300
10/20/2025,50.0890274,50.19387838,49.82939696,49.82939696,552700
10/21/2025,49.99915314,50.11898228,49.85935184,50.06905379,307300
10/22/2025,49.78945541,50.15893085,49.37004768,50.14894667,467700
10/23/2025,50.14894485,50.23382367,49.74950929,49.78945361,387800
10/24/2025,50.55836868,50.68319183,50.4485237,50.48846803,359000
10/27/2025,51.36363983,51.37362914,51.02394628,51.07390043,427500
10/28/2025,51.80323792,51.96309347,51.43357266,51.64338236,566900
10/29/2025,52.08298874,52.3077843,51.71331967,52.10297116,1101600
10/30/2025,51.61341476,52.03303801,51.58743723,51.98308004,594400
10/31/2025,51.5434761,51.92313449,51.31368398,51.92313449,651700
11/3/2025,51.68334961,51.91314174,51.48852576,51.84320517,452000
11/4/2025,50.89406204,51.29370286,50.81913272,51.08389314,530700
11/5/2025,50.98397827,51.33366492,50.77416857,50.86408756,517900
11/6/2025,50.29460144,50.91204413,50.11476347,50.88406951,1068500
11/7/2025,50.15473175,50.15473175,49.38542566,50.04483034,892400
11/10/2025,51.19379425,51.2537377,50.63429788,50.78416413,612400
11/11/2025,51.21377182,51.26372978,50.85110021,50.99397281,400500
11/12/2025,51.28371048,51.45355534,51.03393594,51.45355534,543800
11/13/2025,50.39451218,51.09388168,50.21467419,51.05391684,632400
11/14/2025,50.59433365,50.88407305,49.61521784,49.78506652,870100
11/17/2025,50.17471313,50.76418123,49.89296595,50.29460385,901100
11/18/2025,49.62520599,50.03483992,49.25554073,49.87498054,1192600
11/19/2025,50.02484894,50.47444391,49.66517296,49.75509195,715000
11/20/2025,49.09568405,51.18280085,49.0357406,50.95400728,1765800
11/21/2025,49.43537903,49.9948754,48.76598506,49.2055869,826700
11/24/2025,50.41449356,50.49442325,49.75508891,49.79505375,384200
11/25/2025,50.73037338,50.80034601,49.79073828,50.22057229,438800
11/26/2025,51.14021683,51.28016208,50.85032805,51.0202643,366600
11/28/2025,51.280159,51.280159,51.09023385,51.14021375,455400
12/1/2025,51.15021133,51.30015486,50.8503281,50.92030073,362600
12/2/2025,51.280159,51.49007686,51.06024667,51.29015726,560100
12/3/2025,51.34013748,51.43610103,51.04025427,51.11022689,230600
12/4/2025,51.41011047,51.46009037,51.13021998,51.46009037,259300
12/5/2025,51.5100708,51.70999422,51.410111,51.54006179,285000
12/8/2025,51.54006195,51.74997982,51.33014026,51.59004185,397900
12/9/2025,51.52006912,51.63002719,51.39211646,51.48008368,341000
12/10/2025,51.77996826,51.88992634,51.25017443,51.48008503,430400
12/11/2025,51.68000793,51.69000239,51.06024876,51.54006268,374100
12/12/2025,50.84033203,51.55505568,50.67039579,51.49007838,436700
12/15/2025,50.71038055,51.21318819,50.58042976,51.20019273,510900
12/16/2025,50.6703949,50.75536492,50.28554547,50.61042054,447600
12/17/2025,49.84071732,50.6803926,49.84071732,50.6803926,425800
12/18/2025,50.34052658,50.64040981,50.23056851,50.44048639,294300
12/19/2025,50.99027252,50.99027252,50.52545219,50.62041667,298200
12/22/2025,51.26016617,51.33013879,51.08023548,51.27016444,322800
12/23/2025,51.57004929,51.57004929,51.13022082,51.13022082,318800
12/24/2025,51.70000076,51.72998794,51.53006452,51.57004997,180900
12/26/2025,51.75,51.88000107,51.68999863,51.77999878,243400
12/29/2025,51.56000137,51.61999893,51.38999939,51.45000076,560600
12/30/2025,51.45999908,51.59999847,51.43000031,51.54999924,300600
12/31/2025,51.06999969,51.53300095,51.06000137,51.47999954,352694
